information,832
security,832
canberra,831
australian capital territory,477
support,472
collaborative,457
agile,411
baseline,406
act,344
manager,328
office,282
onsite,273
software,255
sydney,236
new south wales,214
testing,181
presentation,179
senior,166
performance,164
offsite,152
ict,146
contractor,123
melbourne,119
developer,103
nsw,99
cloud,98
victoria,87
remote,84
functional,79
citizen,77
police check,77
drupal,73
database,70
html,69
microsoft,68
mobile,64
server,61
permanent,60
brisbane,53
scrum,53
javascript,53
cyber,50
pay,49
citizenship,47
cms,44
sql,43
business requirements,43
collaborate,43
automation,42
css,42
vic,40
google,35
java,34
queensland,33
interpersonal,31
jira,31
sharepoint,30
backend,30
australian citizenship,29
devops,29
front-end,28
api,27
information technology,27
python,25
databases,23
react,23
oracle,23
windows,23
junior,22
net,21
web development,21
permanent resident,20
azure,20
angular,18
adelaide,17
frontend,16
github,16
back-end,15
machine learning,15
networking,14
networks,14
trello,13
apache,13
amazon,13
c#,10
php,10
django,10
regression,10
south australia,9
ios,9
hadoop,9
nosql,9
perth,8
git,8
android,8
salary,8
qa,6
sass,6
version control,6
business requirement,6
western australia,5
golang,5
db,5
performance testing,5
atlassian,5
angular js,5
tomcat,4
wordpress,4
asp.net,4
regression testing,4
visual studio,4
apple,4
perl,3
mainframe,3
relational database,3
wa,3
sa,3
dba,3
relational databases,3
webpage,3
hobart,3
fox,2
rfc,2
bitbucket,2
object oriented,2
react native,2
heuristic,2
tas,2
ai,2
cybersecurity,2
